date,actual,lgb_prediction,hybrid_prediction,real_price,regime_label,regime_probability
2016-01-01,32.3307,33.1817,33.1817,63.775,0,0.5
2016-01-08,31.5595,33.1127,33.1126,63.8452,0,0.5
2016-01-15,30.4258,33.0731,32.9627,64.031,0,0.5
2016-01-22,30.9116,33.3497,33.3371,64.2953,0,0.5
2016-01-29,32.6238,33.6113,33.6113,64.6007,0,0.5
2016-02-05,31.0736,33.0046,33.0046,65.0674,0,0.5
2016-02-12,33.2254,33.604,33.604,65.7493,0,0.5
2016-02-19,33.1406,33.6766,33.6766,66.5102,0,0.5
2016-02-26,35.0224,34.9708,34.9708,67.2137,0,0.5
2016-03-04,35.3309,35.2951,35.2951,67.7839,0,0.5
2016-03-11,36.9968,36.5096,36.5096,68.3072,0,0.5
2016-03-18,36.0482,36.0236,36.0236,68.8912,0,0.5
2016-03-25,36.6574,36.2349,36.2349,69.6432,0,0.5
2016-04-01,35.462,35.4266,35.4266,71.0992,0,0.5
2016-04-08,38.2462,38.2659,38.2659,73.1689,0,0.5
2016-04-15,39.5265,39.4669,39.4669,75.0206,0,0.5
2016-04-22,39.4494,39.45,39.45,75.8227,0,0.5
2016-04-29,38.0148,37.9353,37.9353,75.4712,0,0.5
2016-05-06,37.8143,37.8284,37.8284,74.6979,0,0.5
2016-05-13,37.3207,36.8193,36.8193,73.9247,0,0.5
2016-05-20,38.2771,38.2796,38.2796,73.5732,0,0.5
2016-05-27,37.876,37.7312,37.7312,73.7037,0,0.5
2016-06-03,39.0329,39.0486,39.0486,74.0242,0,0.5
2016-06-10,37.5829,37.5711,37.5711,74.4285,0,0.5
2016-06-17,39.2103,38.9234,38.9234,74.8105,0,0.5
2016-06-24,38.1842,38.0433,38.0433,75.1289,0,0.5
2016-07-01,37.6626,37.8466,37.8466,75.4463,0,0.5
2016-07-08,40.2472,40.2494,40.2494,75.8122,0,0.5
2016-07-15,39.6867,39.6859,39.6859,76.2761,0,0.5
2016-07-22,40.3484,40.3253,40.3253,77.1702,0,0.5
2016-07-29,40.4107,40.4084,40.4084,78.449,0,0.5
2016-08-05,41.5939,41.5931,41.5931,79.5954,0,0.5
2016-08-12,41.882,41.6715,41.6715,80.0924,0,0.5
2016-08-19,41.3059,41.3069,41.3069,79.6346,0,0.5
2016-08-26,41.1502,41.1236,41.1236,78.6273,0,0.5
2016-09-02,41.5083,41.5058,41.5058,77.6201,0,0.5
2016-09-09,40.1849,40.147,40.147,77.1623,0,0.5
2016-09-16,41.4071,41.4122,41.4122,77.2297,0,0.5
2016-09-23,41.3993,41.3932,41.3932,77.4145,0,0.5
2016-09-30,41.3448,41.3429,41.3429,77.6905,0,0.5
2016-10-07,40.4184,40.5992,40.5992,78.0314,0,0.5
2016-10-14,41.3526,41.3417,41.3417,78.7671,0,0.5
2016-10-21,41.158,41.4762,41.4762,80.0067,0,0.5
2016-10-28,41.1424,41.1433,41.1433,81.3935,0,0.5
2016-11-04,42.9485,42.9608,42.9608,82.5704,0,0.5
2016-11-11,41.991,41.9876,41.9876,83.6199,0,0.5
2016-11-18,42.6916,42.8688,42.8688,84.6899,0,0.5
2016-11-25,42.8239,42.8203,42.8203,85.5216,0,0.5
2016-12-02,44.6689,44.6705,44.6705,85.8564,0,0.5
2016-12-09,43.0886,43.0908,43.0908,85.6794,0,0.5
2016-12-16,42.5359,42.8843,42.8843,85.2899,0,0.5
2016-12-23,43.1634,43.1466,43.1466,84.9004,0,0.5
2016-12-30,44.0785,44.081,44.081,84.7234,0,0.5
2017-01-06,45.0091,45.0036,45.0036,85.4578,0,0.5
2017-01-13,45.0639,45.3154,45.3154,87.0733,0,0.5
2017-01-20,46.8079,46.809,46.809,88.6889,0,0.5
2017-01-27,46.5264,46.5263,46.5263,89.4233,0,0.5
2017-02-03,45.9164,45.9459,45.9459,89.2824,0,0.5
2017-02-10,46.9565,46.954,46.954,88.9726,0,0.5
2017-02-17,46.4951,46.4951,46.4951,88.6627,0,0.2268
2017-02-24,46.0571,46.0573,46.0573,88.5219,0,0.2405
2017-03-03,45.0952,45.0959,45.0959,88.617,0,0.2671
2017-03-10,46.5264,46.5263,46.5263,88.8318,0,0.3499
2017-03-17,46.1823,46.1826,46.1826,89.0608,0,0.2369
2017-03-24,46.4091,46.4092,46.4092,89.1983,0,0.2439
2017-03-31,46.4404,46.4465,46.4465,89.2408,0,0.2335
2017-04-07,45.6426,45.6397,45.6397,89.2663,0,0.2122
2017-04-14,45.8225,45.7978,45.7978,89.2919,0,0.2179
2017-04-21,46.4795,46.4799,46.4799,89.3342,0,0.2381
2017-04-28,46.0024,45.9801,45.9801,89.4688,0,0.2025
2017-05-05,46.1353,46.1344,46.1344,89.6918,0,0.1122
2017-05-12,45.9555,45.9613,45.9613,89.9007,0,0.1171
2017-05-19,46.8236,46.8228,46.8228,89.9931,0,0.1589
2017-05-26,46.9487,46.6326,46.6326,89.7491,0,0.1664
2017-06-02,47.1364,47.127,47.127,89.2124,0,0.1307
2017-06-09,46.5264,46.5269,46.5269,88.6756,0,0.1733
2017-06-16,46.0102,46.0103,46.0103,88.4316,0,0.175
2017-06-23,47.0571,47.0599,47.0599,89.4665,0,0.2315
2017-06-30,47.4294,47.4269,47.4269,91.7434,0,0.2427
2017-07-07,48.8393,48.8402,48.8402,94.0203,0,0.3155
2017-07-14,49.4571,49.4565,49.4565,95.0552,0,0.3042
2017-07-21,49.7264,49.7291,49.7291,95.0217,0,0.3046
2017-07-28,49.7739,49.7735,49.7735,94.9481,0,0.3123
2017-08-04,49.069,49.0656,49.0656,94.8745,0,0.3263
2017-08-11,49.3462,49.3451,49.3451,94.841,0,0.2651
2017-08-18,50.2729,50.2744,50.2744,95.5024,0,0.2525
2017-08-25,51.0888,51.0849,51.0849,97.0103,0,0.2697
2017-09-01,51.6828,51.6747,51.6747,98.6502,0,0.1847
2017-09-08,51.8888,51.8772,51.8772,99.7077,0,0.1883
2017-09-15,51.9363,51.9384,51.9384,100.1417,0,0.2026
2017-09-22,51.5482,51.5482,51.5482,100.4492,0,0.2395
2017-09-29,52.6254,52.6254,52.6254,100.7234,0,0.2004
2017-10-06,52.5779,52.5793,52.5793,101.0572,0,0.2255
2017-10-13,52.8392,52.83,52.83,101.5767,0,0.207
2017-10-20,53.4175,53.4183,53.4183,102.2063,0,0.1991
2017-10-27,53.9165,53.9109,53.9109,102.7371,0,0.2036
2017-11-03,53.568,53.5696,53.5696,102.9605,0,0.2401
2017-11-10,53.0293,53.0233,53.0233,102.8292,0,0.287
2017-11-17,53.6392,53.641,53.641,102.5405,0,0.2784
2017-11-24,53.7105,53.7108,53.7108,102.2517,0,0.2179
2017-12-01,53.1323,53.1325,53.1325,102.1204,0,0.2639
2017-12-08,53.6709,53.6723,53.6723,103.3163,0,0.2837
2017-12-15,54.7481,54.748,54.748,106.0277,0,0.3498
2017-12-22,55.8245,55.8274,55.8274,108.94,0,0.4162
2017-12-29,57.6906,57.6166,57.6166,110.7389,1,0.5646
2018-01-05,58.6795,58.6754,58.6754,111.4999,0,0.4638
2018-01-12,58.8231,58.8101,58.8101,112.1292,0,0.5033
2018-01-19,59.3893,59.3898,59.3898,112.5574,0,0.4814
2018-01-26,58.6636,58.6451,58.6451,112.7155,0,0.5197
2018-02-02,53.4799,55.026,55.026,111.6489,1,0.9934
2018-02-09,56.9968,56.9974,56.9974,109.2397,1,0.9907
2018-02-16,56.295,56.2953,56.2953,106.6736,1,0.9796
2018-02-23,54.708,54.7016,54.7016,105.1361,1,0.9638
2018-03-02,55.4257,55.5077,55.5077,104.5478,1,0.9489
2018-03-09,55.4816,55.4829,55.4829,104.0697,1,0.9358
2018-03-16,53.7989,53.8008,53.8008,103.7486,1,0.9229
2018-03-23,53.9185,53.9185,53.9185,103.6311,1,0.911
2018-03-30,54.1577,54.1068,54.1068,103.9738,1,0.7513
2018-04-06,54.7957,54.7966,54.7966,104.782,0,0.4946
2018-04-13,56.4465,56.443,56.443,105.7265,1,0.5688
2018-04-20,55.4098,55.3997,55.3997,106.478,0,0.5312
2018-04-27,54.8117,54.8118,54.8118,107.0607,0,0.5263
2018-05-04,56.2631,56.6687,56.6687,107.634,1,0.5739
2018-05-11,57.0447,57.0448,57.0448,108.0711,0,0.4789
2018-05-18,56.3189,56.3191,56.3191,108.245,0,0.5073
2018-05-25,55.2981,55.2986,55.2986,107.3712,0,0.5441
2018-06-01,57.3318,57.3247,57.3247,105.4488,1,0.608
2018-06-08,56.8852,56.8856,56.8856,103.5265,1,0.5651
2018-06-15,53.4799,53.4094,53.4094,102.6527,1,0.727
2018-06-22,53.8136,53.815,53.815,102.847,1,0.7209
2018-06-29,54.0236,54.0236,54.0236,103.2746,1,0.6782
2018-07-06,54.0962,54.0975,54.0975,103.7022,1,0.6572
2018-07-13,54.0558,54.0566,54.0566,103.8965,1,0.6508
2018-07-20,55.1297,55.1296,55.1296,103.2534,1,0.658
2018-07-27,54.5161,54.516,54.516,101.8386,1,0.5698
2018-08-03,54.8067,54.812,54.812,100.4237,1,0.5729
2018-08-10,52.2472,51.9151,51.9151,99.7806,0,0.4791
2018-08-17,52.9335,52.9394,52.9394,100.1374,0,0.4887
2018-08-24,54.2658,54.1923,54.1923,100.9223,0,0.5312
2018-08-31,52.8367,52.8396,52.8396,101.7071,1,0.5678
2018-09-07,53.1031,53.1031,53.1031,102.0639,1,0.5657
2018-09-14,55.3315,55.2224,55.2224,101.4333,1,0.6386
2018-09-21,54.8955,54.8955,54.8955,100.046,1,0.6291
2018-09-28,54.0558,54.0558,54.0558,98.6587,1,0.6333
2018-10-05,50.5113,51.0033,51.0033,98.0281,1,0.7172
2018-10-12,50.1561,50.0548,50.0548,98.0633,1,0.6971
2018-10-19,48.186,48.4714,48.4714,98.1406,1,0.6723
2018-10-26,50.7212,50.6083,50.6083,98.2179,1,0.7914
2018-11-02,51.0442,51.1203,51.1203,98.253,1,0.784
2018-11-09,50.0511,50.0707,50.0707,97.4369,1,0.6952
2018-11-16,49.171,49.1713,49.1713,95.5228,1,0.6886
2018-11-23,48.8804,48.88,48.88,93.3125,1,0.6837
2018-11-30,47.6854,47.6628,47.6628,91.6076,0,0.5199
2018-12-07,47.4997,47.8476,47.8476,90.3656,0,0.5121
2018-12-14,45.4085,45.8669,45.8669,89.1734,0,0.5261
2018-12-21,46.5971,46.7965,46.7965,88.2775,0,0.3304
2018-12-28,45.7466,45.7463,45.7463,87.9241,0,0.3024
2019-01-04,48.9932,48.5611,48.5611,89.1933,1,0.6982
2019-01-11,49.1158,49.1187,49.1187,92.0792,1,0.6787
2019-01-18,48.7969,48.7867,48.7867,95.1998,1,0.6727
2019-01-25,50.5633,50.5582,50.5582,97.1727,1,0.6775
2019-02-01,49.9418,49.9419,49.9419,98.0232,1,0.693
2019-02-08,50.3997,50.3999,50.3999,98.6986,0,0.5191
2019-02-15,51.839,51.8395,51.8395,99.1997,0,0.5342
2019-02-22,51.7818,51.7832,51.7832,99.5271,0,0.4751
2019-03-01,51.103,51.3052,51.3052,99.7113,0,0.2041
2019-03-08,51.9862,51.8106,51.8106,99.828,0,0.218
2019-03-15,53.0248,53.0248,53.0248,99.9456,0,0.2106
2019-03-22,52.068,52.0983,52.0983,100.1326,0,0.1928
2019-03-29,54.4314,54.4345,54.4345,100.6668,0,0.3112
2019-04-05,54.3823,54.3719,54.3719,101.5241,0,0.3195
2019-04-12,54.6767,54.6764,54.6764,102.3203,0,0.2747
2019-04-19,53.4255,53.419,53.419,102.6711,0,0.3562
2019-04-26,52.6895,52.6901,52.6901,101.6387,0,0.3541
2019-05-03,51.0458,51.0467,51.0467,99.3674,0,0.4394
2019-05-10,51.4056,51.4059,51.4059,97.096,0,0.3826
2019-05-17,49.9827,49.9812,49.9812,96.0636,0,0.4177
2019-05-24,49.9909,49.9876,49.9876,96.7302,0,0.1264
2019-05-31,51.8145,51.8155,51.8155,98.2779,0,0.329
2019-06-07,53.2865,53.287,53.287,100.028,0,0.4394
2019-06-14,52.7059,52.7067,52.7067,101.302,0,0.4025
2019-06-21,54.4472,54.4471,54.4471,102.1238,0,0.4936
2019-06-28,54.9593,54.959,54.959,102.8791,0,0.3283
2019-07-05,53.3893,53.3893,53.3893,103.432,0,0.4803
2019-07-12,53.9266,53.9265,53.9265,103.6464,0,0.3402
2019-07-19,53.9854,53.9717,53.9717,102.54,0,0.3425
2019-07-26,52.3902,52.3886,52.3886,100.106,0,0.3786
2019-08-02,51.7689,51.7623,51.7623,97.6719,0,0.2943
2019-08-09,49.7287,50.2423,50.2423,96.5655,0,0.424
2019-08-16,50.2241,50.2236,50.2236,97.5662,0,0.261
2019-08-23,50.6103,50.6104,50.6104,99.7677,0,0.2566
2019-08-30,51.962,51.8759,51.8759,101.9692,0,0.3316
2019-09-06,53.574,53.5745,53.5745,102.9699,0,0.4423
2019-09-13,53.5572,53.5576,53.5576,102.4655,0,0.4445
2019-09-20,52.6337,52.6125,52.6125,101.3557,0,0.38
2019-09-27,51.0552,51.2181,51.2181,100.246,0,0.4706
2019-10-04,51.8948,51.8948,51.8948,99.7416,0,0.2982
2019-10-11,52.8855,52.8857,52.8857,100.8253,0,0.3234
2019-10-18,53.5236,53.5117,53.5117,103.2097,0,0.3331
2019-10-25,53.7923,53.7929,53.7929,105.594,0,0.2838
2019-11-01,55.5134,55.5037,55.5037,106.6777,0,0.2941
2019-11-08,54.8586,54.7773,54.7773,106.4507,0,0.3322
2019-11-15,54.3716,54.3908,54.3908,105.9513,0,0.2979
2019-11-22,55.2784,55.2784,55.2784,105.4518,0,0.1369
2019-11-29,54.7494,54.7477,54.7477,105.2248,0,0.1785
2019-12-06,56.3614,56.3614,56.3614,106.0154,0,0.2337
2019-12-13,56.0928,56.0927,56.0927,107.7548,0,0.2582
2019-12-20,57.304,57.3017,57.3017,109.4942,0,0.2923
2019-12-27,57.3804,57.3804,57.3804,110.2848,0,0.2048
2020-01-03,56.1599,56.1237,56.1237,109.7378,0,0.2625
2020-01-10,56.6526,56.6474,56.6474,108.4072,0,0.2421
2020-01-17,56.4063,56.4073,56.4073,106.7582,0,0.2281
2020-01-24,54.9538,54.7641,54.7641,105.2563,0,0.3416
2020-01-31,56.1939,56.1807,56.1807,104.1093,0,0.2639
2020-02-07,55.8202,55.8128,55.8128,103.041,0,0.2722
2020-02-14,55.3191,55.1723,55.1723,101.7903,0,0.1653
2020-02-21,49.7472,52.0794,52.0794,100.0964,1,0.9834
2020-02-28,50.4947,50.772,50.772,96.1731,1,0.9769
2020-03-06,39.402,45.9537,41.5022,90.1455,1,0.998
2020-03-13,37.6948,40.8243,40.8243,84.6185,1,0.9895
2020-03-20,42.7994,42.7666,42.7666,82.1972,1,0.991
2020-03-27,41.4235,41.4145,41.4145,82.7878,1,0.978
2020-04-03,46.3838,46.3836,46.3836,84.2355,1,0.9767
2020-04-10,44.8464,44.6615,44.6615,86.0541,1,0.9629
2020-04-17,45.6618,45.6596,45.6596,87.7576,1,0.9416
2020-04-24,47.7512,47.7515,47.7515,89.28,1,0.9295
2020-05-01,47.4285,47.4347,47.4347,90.864,1,0.7575
2020-05-08,46.5791,46.5777,46.5777,92.486,1,0.7315
2020-05-15,49.2971,48.9712,48.9712,94.1224,1,0.6333
2020-05-22,51.0807,51.0562,51.0562,95.7445,1,0.5974
2020-05-29,53.7223,53.7231,53.7231,97.3732,0,0.4786
2020-06-05,51.3101,51.3966,51.3966,99.0596,0,0.4986
2020-06-12,52.5671,52.4741,52.4741,100.855,0,0.4972
2020-06-19,52.9174,52.918,52.918,102.9111,0,0.4829
2020-06-26,54.0458,54.0439,54.0439,105.1696,0,0.4735
2020-07-03,54.4391,54.8894,54.8894,107.3666,0,0.4516
2020-07-10,56.8498,56.8358,56.8358,109.2381,0,0.4336
2020-07-17,57.8244,57.8129,57.8129,110.853,0,0.4254
2020-07-24,57.6192,57.6189,57.6189,112.3642,0,0.3986
2020-07-31,59.1837,59.1837,59.1837,113.6336,0,0.3146
2020-08-07,59.5854,59.5857,59.5857,114.5234,0,0.3182
2020-08-14,59.3204,59.3185,59.3185,115.0817,0,0.3292
2020-08-21,59.7393,59.7474,59.7474,115.5029,0,0.3294
2020-08-28,60.03,60.0755,60.0755,115.869,0,0.3315
2020-09-04,60.4916,60.4901,60.4901,116.2617,0,0.2915
2020-09-11,62.5177,62.5002,62.5002,116.702,0,0.3158
2020-09-18,58.6793,58.8243,58.8243,117.1463,0,0.4287
2020-09-25,59.4658,59.4634,59.4634,117.5806,0,0.4182
2020-10-02,61.3893,61.3895,61.3895,117.9904,0,0.434
2020-10-09,60.9533,60.9248,60.9248,118.3175,0,0.4335
2020-10-16,61.0046,61.5636,61.5636,118.5898,0,0.432
2020-10-23,58.1578,58.9257,58.9257,118.9225,0,0.468
2020-10-30,62.1501,62.1389,62.1389,119.4306,0,0.5339
2020-11-06,62.6801,62.66,62.66,121.1425,0,0.5181
2020-11-13,64.2189,64.2191,64.2191,124.2473,0,0.4486
2020-11-20,66.1766,66.1796,66.1796,127.6017,0,0.4506
2020-11-27,67.6641,67.6705,67.6705,130.0623,0,0.4427
2020-12-04,68.7584,69.1789,69.1789,131.6413,0,0.432
2020-12-11,69.4252,69.5112,69.5112,133.0333,0,0.4258
2020-12-18,69.6192,69.6166,69.6166,134.1177,0,0.3362
2020-12-25,70.1101,70.1221,70.1221,134.7744,0,0.2612
2021-01-01,75.3031,74.8542,74.8542,135.075,0,0.3509
2021-01-08,74.6486,74.6484,74.6484,135.2544,0,0.37
2021-01-15,73.4774,73.6912,73.6912,135.4366,0,0.3858
2021-01-22,70.8765,70.6274,70.6274,135.7455,0,0.4206
2021-01-29,70.6957,70.7071,70.7071,136.8495,0,0.4167
2021-02-05,72.6592,72.6285,72.6285,138.7406,0,0.423
2021-02-12,73.0898,73.28,73.28,140.5284,0,0.4194
2021-02-19,73.529,73.5289,73.5289,141.3222,0,0.4202
2021-02-26,72.3578,72.3558,72.3558,141.2868,0,0.3116
2021-03-05,75.6992,75.7058,75.7058,141.2088,0,0.3728
2021-03-12,74.7089,74.9914,74.9914,141.1308,0,0.3774
2021-03-19,73.4084,73.4109,73.4109,141.0954,0,0.357
2021-03-26,75.4839,75.4844,75.4844,142.2644,0,0.3739
2021-04-02,76.5949,76.6416,76.6416,145.0221,0,0.3677
2021-04-09,78.6618,78.6605,78.6605,148.2446,0,0.3822
2021-04-16,78.4637,78.4642,78.4642,150.8079,0,0.3887
2021-04-23,80.1172,80.1313,80.1313,152.7949,0,0.3455
2021-04-30,82.8902,82.4556,82.4556,154.7495,0,0.3012
2021-05-07,82.0721,82.0751,82.0751,156.2393,0,0.2827
2021-05-14,81.5984,81.5986,81.5986,156.8321,0,0.2352
2021-05-21,81.9946,81.6208,81.6208,155.9057,0,0.2171
2021-05-28,82.5027,82.5005,82.5005,153.8677,0,0.2251
2021-06-04,81.0473,81.049,81.049,151.8297,0,0.2495
2021-06-11,78.51,78.5139,78.5139,150.9034,0,0.3641
2021-06-18,79.5208,79.5332,79.5332,151.1542,0,0.3423
2021-06-25,79.3029,79.304,79.304,151.7798,0,0.2036
2021-07-02,78.1004,78.1011,78.1011,152.5896,0,0.22
2021-07-09,79.8083,79.8093,79.8093,153.3932,0,0.3011
2021-07-16,78.7104,78.7259,78.7259,154.372,0,0.3102
2021-07-23,81.5685,81.6135,81.6135,155.5675,0,0.4672
2021-07-30,80.7668,80.7717,80.7717,156.5787,0,0.4415
2021-08-06,82.1087,81.6885,81.6885,157.0049,0,0.3343
2021-08-13,77.8129,77.7078,77.7078,156.6099,1,0.6023
2021-08-20,79.1112,79.1177,79.1177,155.6021,1,0.6216
2021-08-27,80.5141,80.3887,80.3887,154.247,1,0.6112
2021-09-03,79.5033,79.5061,79.5061,152.8103,1,0.5886
2021-09-10,78.6494,78.6431,78.6431,150.7439,1,0.5748
2021-09-17,76.5407,76.2199,76.2199,148.0034,0,0.4731
2021-09-24,74.2229,74.2371,74.2371,145.6102,0,0.5205
2021-10-01,75.3469,75.2268,75.2268,144.5855,0,0.5156
2021-10-08,77.9,77.9019,77.9019,145.2245,0,0.4437
2021-10-15,77.4818,77.4823,77.4823,146.6304,0,0.416
2021-10-22,78.083,78.0834,78.0834,148.0362,0,0.3872
2021-10-29,77.6822,77.3547,77.3547,148.6753,0,0.3837
2021-11-05,79.4598,79.4697,79.4697,148.396,0,0.4502
2021-11-12,78.3183,78.078,78.078,147.7817,0,0.3791
2021-11-19,78.0569,78.2196,78.2196,147.1673,0,0.2236
2021-11-26,76.4448,76.4248,76.4248,146.888,0,0.2999
2021-12-03,78.3444,78.3448,78.3448,147.9595,0,0.2327
2021-12-10,77.4121,77.4127,77.4127,150.3167,0,0.2566
2021-12-17,79.5206,79.5235,79.5235,152.6739,0,0.359
2021-12-24,80.4302,79.9926,79.9926,153.7454,0,0.3406
2021-12-31,80.4391,80.4395,80.4395,153.0327,0,0.2825
2022-01-07,82.5438,82.0751,82.0751,151.4447,0,0.3111
2022-01-14,80.9029,80.9039,80.9039,149.8062,0,0.4133
2022-01-21,77.2376,77.4936,77.4936,148.9423,1,0.6912
2022-01-28,78.6823,78.6813,78.6813,148.76,1,0.6706
2022-02-04,80.4837,80.4835,80.4835,148.6212,1,0.7091
2022-02-11,79.806,79.8067,79.8067,148.5329,1,0.6612
2022-02-18,77.2644,77.2644,77.2644,148.5019,1,0.7795
2022-02-25,80.4837,80.4845,80.4845,150.4492,1,0.9097
2022-03-04,78.8874,78.9164,78.9164,154.7334,1,0.8743
2022-03-11,80.8137,80.8023,80.8023,159.0175,1,0.8883
2022-03-18,83.7298,83.7488,83.7488,160.9648,1,0.7528
2022-03-25,83.8101,83.8023,83.8023,160.7284,1,0.746
2022-04-01,83.605,83.9264,83.9264,160.0914,1,0.7197
2022-04-08,84.3095,84.3101,84.3101,159.1627,1,0.6906
2022-04-15,82.2316,82.2328,82.2328,158.051,1,0.6164
2022-04-22,79.3333,79.3335,79.3335,156.0836,1,0.6152
2022-04-29,78.1205,78.1209,78.1209,152.9944,1,0.5879
2022-05-06,73.1443,73.456,73.456,149.5022,1,0.8365
2022-05-13,76.1318,76.1322,76.1322,146.3256,1,0.8559
2022-05-20,78.7358,78.8558,78.8558,143.6008,1,0.9185
2022-05-27,81.5004,81.1858,81.1858,140.958,1,0.9421
2022-06-03,75.891,75.8921,75.8921,138.3569,1,0.9687
2022-06-10,70.6657,70.6335,70.6335,135.7573,1,0.9719
2022-06-17,67.4545,67.4392,67.4392,132.6733,1,0.9604
2022-06-24,67.61,67.7859,67.7859,129.2847,1,0.9503
2022-07-01,66.933,66.9243,66.9243,126.5491,1,0.911
2022-07-08,63.2826,65.2574,65.2574,125.4244,1,0.8681
2022-07-15,66.9422,66.9858,66.9858,127.3715,1,0.9077
2022-07-22,68.9183,68.9183,68.9183,131.6551,1,0.886
2022-07-29,68.9915,68.991,68.991,135.9388,1,0.8236
2022-08-05,71.6721,71.741,71.741,137.8859,1,0.7467
2022-08-12,71.8094,71.8098,71.8098,136.965,1,0.6327
2022-08-19,71.7819,71.7946,71.7946,134.7778,1,0.6315
2022-08-26,66.0182,66.0163,66.0163,132.1872,1,0.8466
2022-09-02,67.6375,67.6673,67.6673,130.0562,1,0.763
2022-09-09,66.4481,66.4466,66.4466,128.4246,1,0.6726
2022-09-16,64.0786,63.8653,63.8653,126.8615,1,0.66
2022-09-23,62.0475,62.7156,62.7156,125.5232,1,0.6679
2022-09-30,64.8105,64.8109,64.8109,124.5663,1,0.6865
2022-10-07,63.8956,63.8988,63.8988,123.8629,1,0.6718
2022-10-14,63.2186,63.2592,63.2592,123.244,1,0.6582
2022-10-21,66.375,66.377,66.377,122.8035,1,0.5535
2022-10-28,64.2616,63.8065,63.8065,122.6358,1,0.5556
2022-11-04,72.1936,72.1351,72.1351,126.4897,1,0.9077
2022-11-11,72.6602,72.6606,72.6606,134.9683,1,0.8671
2022-11-18,74.8834,74.9051,74.9051,143.4468,1,0.8133
2022-11-25,76.64,76.6395,76.6395,147.3007,1,0.7957
2022-12-02,75.6519,75.6524,75.6524,146.4937,1,0.7865
2022-12-09,72.5413,72.5332,72.5332,144.7183,1,0.8351
2022-12-16,73.3921,73.3922,73.3922,142.9429,1,0.8056
2022-12-23,73.9608,73.9523,73.9523,142.1359,1,0.7458
2022-12-30,74.0261,74.1339,74.1339,144.4798,0,0.1938
2023-01-06,79.6759,79.6684,79.6684,149.6362,0,0.4264
2023-01-13,79.0047,79.1805,79.1805,154.7926,0,0.4118
2023-01-20,81.5685,81.7569,81.7569,157.1364,0,0.4258
2023-01-27,81.3821,81.3792,81.3792,155.937,0,0.4012
2023-02-03,78.6131,78.6124,78.6124,153.1403,0,0.3594
2023-02-10,78.6038,78.6037,78.6037,149.9488,0,0.3582
2023-02-17,76.7764,76.777,76.777,147.565,0,0.4038
2023-02-24,78.5758,78.6187,78.6187,145.9401,0,0.4152
2023-03-03,75.667,75.716,75.716,144.4184,0,0.1901
2023-03-10,73.4853,73.4969,73.4969,143.2915,0,0.2167
2023-03-17,74.3244,74.3244,74.3244,142.8511,0,0.1564
2023-03-24,77.2146,77.2144,77.2144,144.2288,0,0.2658
2023-03-31,76.6925,76.6966,76.6966,147.2598,0,0.2206
2023-04-07,79.4708,79.4723,79.4723,150.2908,0,0.2881
2023-04-14,78.9114,78.912,78.912,151.6685,0,0.253
2023-04-21,76.9909,76.9908,76.9908,150.7233,0,0.2551
2023-04-28,76.0679,76.0682,76.0682,148.6438,0,0.1918
2023-05-05,75.8161,75.8159,75.8159,146.5644,0,0.1539
2023-05-12,75.8814,75.7646,75.7646,145.6192,0,0.1588
2023-05-19,72.9353,72.8439,72.8439,146.3606,0,0.1542
2023-05-26,73.4014,73.4131,73.4131,148.0545,0,0.1715
2023-06-02,75.1542,75.1557,75.1557,149.9054,0,0.1427
2023-06-09,78.733,78.6256,78.6256,151.118,0,0.2785
2023-06-16,76.523,76.5276,76.5276,151.7259,0,0.296
2023-06-23,76.7601,76.76,76.76,152.2465,0,0.2947
2023-06-30,75.2995,75.3021,75.3021,152.61,0,0.3221
2023-07-07,80.3833,79.473,79.473,152.7467,0,0.5486
2023-07-14,79.8522,79.8515,79.8515,152.5145,0,0.4437
2023-07-21,80.5446,80.5449,80.5449,151.928,0,0.449
2023-07-28,78.695,78.6953,78.6953,151.1523,0,0.5006
2023-08-04,78.2872,78.2273,78.2273,150.3526,0,0.3909
2023-08-11,75.2046,75.2051,75.2051,149.5271,0,0.4372
2023-08-18,75.1762,75.1776,75.1776,148.5653,0,0.4372
2023-08-25,77.5379,77.1485,77.1485,147.4685,0,0.4751
2023-09-01,76.0867,76.0866,76.0866,146.2382,0,0.2086
2023-09-08,77.5189,77.519,77.519,144.4127,0,0.2511
2023-09-15,74.8063,74.8007,74.8007,142.0824,0,0.2961
2023-09-22,74.4269,74.4281,74.4281,140.0762,0,0.2884
2023-09-29,72.4636,72.4368,72.4368,139.2233,0,0.3161
2023-10-06,73.7914,73.7932,73.7932,139.5406,0,0.2868
2023-10-13,72.3782,72.3187,72.3187,140.3624,0,0.3092
2023-10-20,71.2685,71.2718,71.2718,141.4931,0,0.2222
2023-10-27,74.1139,74.2652,74.2652,142.7374,0,0.3605
2023-11-03,73.4215,73.421,73.421,144.2957,0,0.3289
2023-11-10,76.7696,76.7408,76.7408,146.3514,0,0.4146
2023-11-17,77.8414,77.8702,77.8702,148.6832,0,0.422
2023-11-24,78.6002,78.6003,78.6003,151.0695,0,0.3301
2023-12-01,78.6761,78.6794,78.6794,154.0536,0,0.3336
2023-12-08,81.7776,81.7806,81.7806,157.5771,0,0.3115
2023-12-15,82.0432,82.1032,82.1032,160.5155,0,0.2144
2023-12-22,84.155,84.1546,84.1546,161.7448,0,0.1561
2023-12-29,81.6942,81.8505,81.8505,160.2212,0,0.3185
2024-01-05,80.3678,80.3675,80.3675,156.8693,0,0.2475
2024-01-12,78.3107,78.3102,78.3102,153.5173,0,0.3534
2024-01-19,79.0797,79.0812,79.0812,151.9937,0,0.3603
2024-01-26,80.2716,80.2717,80.2717,152.2297,0,0.3931
2024-02-02,78.5318,78.5321,78.5321,152.8572,0,0.2247
2024-02-09,79.4065,79.4066,79.4066,153.755,0,0.257
2024-02-16,80.5408,80.5425,80.5425,154.8023,0,0.1876
2024-02-23,81.0502,81.0476,81.0476,156.8825,0,0.1257
2024-03-01,83.7032,83.3897,83.3897,160.0528,0,0.2056
2024-03-08,83.732,83.7322,83.7322,162.9525,0,0.1047
2024-03-15,85.443,85.4432,85.4432,164.2215,0,0.1274
2024-03-22,85.9621,85.962,85.962,163.6512,0,0.1371
2024-03-29,85.5199,85.5249,85.5249,162.3968,0,0.0807
2024-04-05,86.0101,86.0322,86.0322,161.1423,0,0.0958
2024-04-12,83.5494,83.5445,83.5445,160.5721,0,0.249
2024-04-19,83.5975,83.5989,83.5989,161.607,0,0.2584
2024-04-26,83.8378,83.8371,83.8371,163.8839,0,0.1511
2024-05-03,86.4427,86.2786,86.2786,166.1609,0,0.2632
2024-05-10,86.9906,86.9908,86.9908,167.1958,0,0.2313
2024-05-17,85.8371,85.985,85.985,165.833,0,0.261
2024-05-24,85.5776,85.5609,85.5609,162.8346,0,0.2638
2024-05-31,85.5103,85.5414,85.5414,159.8363,0,0.2616
2024-06-07,82.4536,82.4526,82.4526,158.4735,0,0.3294
2024-06-14,83.6286,83.7697,83.7697,159.2778,0,0.3662
2024-06-21,82.9175,83.0459,83.0459,161.0472,0,0.3791
2024-06-28,83.8527,83.8517,83.8517,162.8167,0,0.253
2024-07-05,85.1288,85.1308,85.1308,163.621,0,0.2917
2024-07-12,84.7586,84.7621,84.7621,162.4892,0,0.2788
2024-07-19,83.278,83.279,83.279,159.9993,0,0.3212
2024-07-26,83.7456,83.5778,83.5778,157.5094,0,0.3374
2024-08-02,81.3589,81.3621,81.3621,156.3776,0,0.2652
2024-08-09,82.8688,83.4229,83.4229,156.7192,0,0.2975
2024-08-16,84.4956,84.4958,84.4958,157.6119,0,0.3569
2024-08-23,86.1224,86.1224,86.1224,158.858,0,0.4062
2024-08-30,83.4728,83.3818,83.3818,160.2594,1,0.5812
2024-09-06,84.6807,84.6794,84.6794,162.6789,1,0.6294
2024-09-13,87.4959,87.5044,87.5044,166.1644,1,0.7152
2024-09-20,91.256,90.0636,90.0636,169.2966,1,0.8492
2024-09-27,88.7915,88.7911,88.7911,170.6561,1,0.8361
2024-10-04,88.4213,88.4767,88.4767,169.9584,1,0.8407
2024-10-11,88.1096,88.1099,88.1099,168.2973,1,0.8316
2024-10-18,86.3659,86.3671,86.3671,166.3212,1,0.8431
2024-10-25,85.421,85.681,85.681,164.6784,1,0.7525
2024-11-01,87.379,87.3753,87.3753,163.5763,1,0.7808
2024-11-08,82.1967,82.1208,82.1208,162.6362,1,0.9197
2024-11-15,83.4631,83.6028,83.6028,161.6282,1,0.7764
2024-11-22,83.4143,83.4144,83.4144,160.3221,1,0.746
2024-11-29,83.2,83.2002,83.2002,157.8469,1,0.7462
2024-12-06,81.9044,81.9016,81.9016,154.3929,1,0.748
2024-12-13,75.5921,75.6296,75.6296,151.3218,1,0.9511
2024-12-20,78.1061,78.0416,78.0416,149.9955,1,0.965
2024-12-27,76.8185,76.8185,76.8185,150.6566,1,0.933
2025-01-03,77.3534,77.3541,77.3541,152.2307,1,0.8626
2025-01-10,79.3441,79.3464,79.3464,154.104,1,0.8734
2025-01-17,80.9883,80.9903,80.9903,155.6629,1,0.8827
2025-01-24,81.5231,81.523,81.523,156.9398,1,0.8743
2025-01-31,82.1669,82.168,82.168,158.2162,1,0.8573
2025-02-07,83.5337,83.2322,83.2322,159.2524,0,0.2711
2025-02-14,83.1474,83.1474,83.1474,159.8088,0,0.2368
2025-02-21,81.1864,81.1865,81.1865,160.0254,0,0.2895
2025-02-28,82.9593,82.9596,82.9596,160.1943,0,0.3169
2025-03-07,81.6717,81.6716,81.6716,160.304,0,0.3284
2025-03-14,83.395,83.4253,83.4253,160.3431,0,0.3292
2025-03-21,82.3155,82.6849,82.6849,159.0135,0,0.3562
2025-03-28,78.9282,78.3909,78.3909,156.0886,0,0.5232
2025-04-04,75.2833,73.0776,73.0776,153.1636,1,0.5951
2025-04-11,78.948,78.9982,78.9982,151.8341,1,0.8168
2025-04-18,81.3547,81.3671,81.3671,152.8502,1,0.8332
2025-04-25,80.8397,80.8397,80.8397,155.2424,1,0.8035
2025-05-02,81.6222,81.6335,81.6335,158.0269,1,0.79
2025-05-09,83.4347,83.3611,83.3611,160.2197,1,0.7833
2025-05-16,83.603,83.2623,83.2623,161.7288,1,0.7644
2025-05-23,84.1577,84.1717,84.1717,163.0929,1,0.6145
2025-05-30,85.4255,85.4527,85.4527,164.2739,0,0.2697
2025-06-06,85.9702,85.97,85.97,165.2339,0,0.1494
2025-06-13,83.088,83.2177,83.2177,166.097,0,0.2659
2025-06-20,84.7407,84.7262,84.7262,166.9081,0,0.2817
2025-06-27,87.0237,87.0252,87.0252,167.51,0,0.3212
2025-07-04,87.2719,87.2768,87.2768,167.7456,0,0.2967
2025-07-11,85.4156,85.4186,85.4186,167.3327,0,0.3642
2025-07-18,87.7682,87.7755,87.7755,166.4243,0,0.4183
2025-07-25,83.6289,83.6297,83.6297,165.5159,1,0.6189
2025-08-01,85.902,85.9019,85.9019,165.103,1,0.6683
2025-08-08,87.4605,87.462,87.462,165.8558,1,0.5691
2025-08-15,87.8674,87.6134,87.6134,167.6526,0,0.5456
2025-08-22,89.4557,89.5416,89.5416,169.8012,0,0.5098
2025-08-29,89.2869,89.2871,89.2871,171.6094,0,0.5093
2025-09-05,91.3416,91.0582,91.0582,173.1761,0,0.4622
2025-09-12,90.0214,90.0156,90.0156,174.7933,0,0.4572
2025-09-19,89.8031,89.8019,89.8019,176.0587,0,0.1748
2025-09-26,91.8677,91.868,91.868,176.5699,0,0.1717
2025-10-03,91.0637,91.0633,91.0633,176.2116,0,0.1927
2025-10-10,92.374,92.374,92.374,175.4234,0,0.209
2025-10-17,91.4012,91.3904,91.3904,174.6351,0,0.2224
2025-10-24,90.0214,90.6749,90.6749,174.2768,0,0.2581
2025-10-31,88.2546,88.3197,88.3197,174.6427,0,0.2363
2025-11-07,91.5104,91.5084,91.5084,175.5931,0,0.376
2025-11-14,87.4704,87.3803,87.3803,176.9066,1,0.5608
2025-11-21,92.3442,92.8005,92.8005,178.3621,1,0.7378
2025-11-28,93.6346,93.6292,93.6292,180.1664,1,0.7325
2025-12-05,95.4908,97.2038,97.2038,182.559,1,0.7342
2025-12-12,94.6967,94.6907,94.6907,185.3686,1,0.7332
2025-12-19,98.0,98.0354,98.0354,188.4235,1,0.75
2025-12-26,96.64,97.3777,97.3777,192.4378,1,0.7376
2026-01-02,100.69,101.8828,101.8828,197.3775,1,0.7518
2026-01-09,104.7,105.1692,105.1692,201.9487,0,0.5166
2026-01-16,106.45,106.586,106.586,204.8578,0,0.4
2026-01-23,110.08,107.0292,107.0292,206.4276,0,0.4274
2026-01-30,106.41,106.4577,106.4577,207.7405,1,0.674
2026-02-06,111.56,108.7075,108.7075,208.6417,1,0.688
2026-02-13,112.22,108.7289,108.7289,208.9765,1,0.6765
2026-02-20,115.78,109.0502,109.0502,207.3773,1,0.5832
2026-02-27,108.65,106.097,106.097,203.8589,1,0.8754
2026-03-06,106.16,105.8348,105.8348,200.3406,1,0.8563
2026-03-13,100.38,103.4037,103.4037,198.7413,1,0.9014
2026-03-20,101.81,105.2033,105.2033,200.3017,1,0.8609
2026-03-27,107.36,107.3412,107.3412,203.7344,1,0.9002
2026-04-03,111.42,108.0164,108.0164,207.1672,1,0.8706
2026-04-10,112.65,108.5994,108.5994,208.7275,1,0.8635
2026-04-17,111.11,108.234,108.234,208.2205,1,0.8338
2026-04-24,111.47,107.4832,107.4832,206.5822,1,0.6933
