date,actual,lgb_prediction,hybrid_prediction,real_price,regime_label,regime_probability
2016-01-01,32.3307,33.1506,33.1506,63.7179,0,0.5
2016-01-08,31.5595,33.0887,33.0887,63.7193,0,0.5
2016-01-15,30.4258,32.9947,32.8953,63.7235,0,0.5
2016-01-22,30.9116,33.1139,33.1101,63.7304,0,0.5
2016-01-29,32.6238,33.1621,33.1621,63.7401,0,0.5
2016-02-05,31.0736,33.0688,33.0688,64.0789,0,0.5
2016-02-12,33.2254,33.3631,33.3631,64.8873,0,0.5
2016-02-19,33.1406,33.2128,33.2128,65.8863,0,0.5
2016-02-26,35.0224,34.7525,34.7525,66.7968,0,0.5
2016-03-04,35.3309,35.3274,35.3274,67.5297,0,0.5
2016-03-11,36.9968,35.9605,35.9605,68.2387,0,0.5
2016-03-18,36.0482,35.8115,35.8115,69.0094,0,0.5
2016-03-25,36.6574,36.3813,36.3813,69.9275,0,0.5
2016-04-01,35.462,35.4238,35.4238,71.4171,0,0.5
2016-04-08,38.2462,38.2461,38.2461,73.3679,0,0.5
2016-04-15,39.5265,39.5417,39.5417,75.0636,0,0.5
2016-04-22,39.4494,39.4303,39.4303,75.7879,0,0.5
2016-04-29,38.0148,37.9683,37.9683,75.3513,0,0.5
2016-05-06,37.8143,37.8799,37.8799,74.3906,0,0.5
2016-05-13,37.3207,37.1333,37.1333,73.43,0,0.5
2016-05-20,38.2771,37.9763,37.9763,72.9933,0,0.5
2016-05-27,37.876,37.8759,37.8759,73.2188,0,0.5
2016-06-03,39.0329,39.0333,39.0333,73.7532,0,0.5
2016-06-10,37.5829,37.5796,37.5796,74.3834,0,0.5
2016-06-17,39.2103,38.9663,38.9663,74.8962,0,0.5
2016-06-24,38.1842,38.1827,38.1827,75.2218,0,0.5
2016-07-01,37.6626,37.7916,37.7916,75.4883,0,0.5
2016-07-08,40.2472,40.2482,40.2482,75.7793,0,0.5
2016-07-15,39.6867,39.6335,39.6335,76.1785,0,0.5
2016-07-22,40.3484,40.3481,40.3481,77.0514,0,0.5
2016-07-29,40.4107,40.4135,40.4135,78.3463,0,0.5
2016-08-05,41.5939,41.5813,41.5813,79.5209,0,0.5
2016-08-12,41.882,41.6389,41.6389,80.033,0,0.5
2016-08-19,41.3059,41.3106,41.3106,79.597,0,0.5
2016-08-26,41.1502,41.1482,41.1482,78.6378,0,0.5
2016-09-02,41.5083,41.1235,41.1235,77.6786,0,0.5
2016-09-09,40.1849,40.1871,40.1871,77.2425,0,0.5
2016-09-16,41.4071,41.3572,41.3572,77.3154,0,0.5
2016-09-23,41.3993,41.3998,41.3998,77.5137,0,0.5
2016-09-30,41.3448,41.3432,41.3432,77.8075,0,0.5
2016-10-07,40.4184,40.6677,40.6677,78.1664,0,0.5
2016-10-14,41.3526,41.333,41.333,78.8889,0,0.5
2016-10-21,41.158,41.4553,41.4553,80.0768,0,0.5
2016-10-28,41.1424,41.1404,41.1404,81.4059,0,0.5
2016-11-04,42.9485,42.9493,42.9493,82.5518,0,0.5
2016-11-11,41.991,41.9912,41.9912,83.6041,0,0.5
2016-11-18,42.6916,42.6883,42.6883,84.6891,0,0.5
2016-11-25,42.8239,42.8245,42.8245,85.5376,0,0.5
2016-12-02,44.6689,44.681,44.681,85.8803,0,0.5
2016-12-09,43.0886,43.0887,43.0887,85.6993,0,0.5
2016-12-16,42.5359,42.7886,42.7886,85.3012,0,0.5
2016-12-23,43.1634,43.1621,43.1621,84.9031,0,0.5
2016-12-30,44.0785,44.0785,44.0785,84.7222,0,0.5
2017-01-06,45.0091,45.0094,45.0094,85.4575,0,0.5
2017-01-13,45.0639,45.0634,45.0634,87.0751,0,0.5
2017-01-20,46.8079,46.8109,46.8109,88.6928,0,0.5
2017-01-27,46.5264,46.5268,46.5268,89.428,0,0.5
2017-02-03,45.9164,45.916,45.916,89.2869,0,0.5
2017-02-10,46.9565,46.8478,46.8478,88.9764,0,0.5
2017-02-17,46.4951,46.495,46.495,88.6659,0,0.2268
2017-02-24,46.0571,46.0568,46.0568,88.5247,0,0.2405
2017-03-03,45.0952,45.0962,45.0962,88.6205,0,0.2671
2017-03-10,46.5264,46.5371,46.5371,88.8368,0,0.3499
2017-03-17,46.1823,46.1821,46.1821,89.0669,0,0.2369
2017-03-24,46.4091,46.4103,46.4103,89.2041,0,0.2439
2017-03-31,46.4404,46.4427,46.4427,89.2453,0,0.2335
2017-04-07,45.6426,45.6426,45.6426,89.2698,0,0.2122
2017-04-14,45.8225,45.8207,45.8207,89.2943,0,0.2179
2017-04-21,46.4795,46.4787,46.4787,89.3356,0,0.2381
2017-04-28,46.0024,45.9978,45.9978,89.4732,0,0.2025
2017-05-05,46.1353,46.1357,46.1357,89.7042,0,0.1122
2017-05-12,45.9555,45.9573,45.9573,89.9214,0,0.1171
2017-05-19,46.8236,46.8336,46.8336,90.0176,0,0.1589
2017-05-26,46.9487,46.6968,46.6968,89.7693,0,0.1664
2017-06-02,47.1364,47.1349,47.1349,89.2231,0,0.1307
2017-06-09,46.5264,46.5281,46.5281,88.6768,0,0.1733
2017-06-16,46.0102,46.0068,46.0068,88.4286,0,0.175
2017-06-23,47.0571,47.0536,47.0536,89.4649,0,0.2315
2017-06-30,47.4294,47.4294,47.4294,91.745,0,0.2427
2017-07-07,48.8393,48.8393,48.8393,94.0251,0,0.3155
2017-07-14,49.4571,49.4577,49.4577,95.0614,0,0.3042
2017-07-21,49.7264,49.7262,49.7262,95.0281,0,0.3046
2017-07-28,49.7739,49.7744,49.7744,94.9546,0,0.3123
2017-08-04,49.069,49.0697,49.0697,94.8811,0,0.3263
2017-08-11,49.3462,49.3465,49.3465,94.8477,0,0.2651
2017-08-18,50.2729,50.2692,50.2692,95.5128,0,0.2525
2017-08-25,51.0888,51.0706,51.0706,97.0281,0,0.2697
2017-09-01,51.6828,51.6825,51.6825,98.6735,0,0.1847
2017-09-08,51.8888,51.8862,51.8862,99.7291,0,0.1883
2017-09-15,51.9363,51.9354,51.9354,100.1555,0,0.2026
2017-09-22,51.5482,51.5482,51.5482,100.4559,0,0.2395
2017-09-29,52.6254,52.6227,52.6227,100.7238,0,0.2004
2017-10-06,52.5779,52.5747,52.5747,101.0525,0,0.2255
2017-10-13,52.8392,52.8392,52.8392,101.5695,0,0.207
2017-10-20,53.4175,53.8315,53.8315,102.1994,0,0.1991
2017-10-27,53.9165,53.9158,53.9158,102.7317,0,0.2036
2017-11-03,53.568,53.565,53.565,102.9559,0,0.2401
2017-11-10,53.0293,52.6168,52.6168,102.826,0,0.287
2017-11-17,53.6392,53.6383,53.6383,102.54,0,0.2784
2017-11-24,53.7105,53.7107,53.7107,102.2541,0,0.2179
2017-12-01,53.1323,53.1323,53.1323,102.1242,0,0.2639
2017-12-08,53.6709,53.6711,53.6711,103.3553,0,0.2837
2017-12-15,54.7481,54.7478,54.7478,106.1374,0,0.3498
2017-12-22,55.8245,55.5067,55.5067,109.1037,0,0.4162
2017-12-29,57.6906,57.6915,57.6915,110.8873,1,0.5646
2018-01-05,58.6795,58.6793,58.6793,111.5784,0,0.4638
2018-01-12,58.8231,58.8229,58.8229,112.1412,0,0.5033
2018-01-19,59.3893,59.3873,59.3873,112.5198,0,0.4814
2018-01-26,58.6636,58.6129,58.6129,112.6584,0,0.5197
2018-02-02,53.4799,54.7189,54.7189,111.7114,1,0.9934
2018-02-09,56.9968,56.9887,56.9887,109.5494,1,0.9907
2018-02-16,56.295,56.0684,56.0684,107.1915,1,0.9796
2018-02-23,54.708,54.9699,54.9699,105.6563,1,0.9638
2018-03-02,55.4258,55.2782,55.2782,104.8995,1,0.9489
2018-03-09,55.4816,55.4813,55.4813,104.2538,1,0.9358
2018-03-16,53.7989,53.7911,53.7911,103.8042,1,0.9229
2018-03-23,53.9185,53.9185,53.9185,103.6354,1,0.911
2018-03-30,54.1577,54.1565,54.1565,103.984,1,0.7513
2018-04-06,54.7957,54.7954,54.7954,104.8032,0,0.4946
2018-04-13,56.4465,56.4436,56.4436,105.753,1,0.5688
2018-04-20,55.4098,55.4055,55.4055,106.4935,0,0.5312
2018-04-27,54.8117,54.812,54.812,107.0448,0,0.5263
2018-05-04,56.2631,56.2862,56.2862,107.5785,1,0.5739
2018-05-11,57.0447,57.0447,57.0447,107.9816,0,0.4789
2018-05-18,56.3189,56.2627,56.2627,108.141,0,0.5073
2018-05-25,55.2981,55.298,55.298,107.3925,0,0.5441
2018-06-01,57.3318,57.332,57.332,105.7457,1,0.608
2018-06-08,56.8852,56.8847,56.8847,104.099,1,0.5651
2018-06-15,53.4799,53.7703,53.7703,103.3505,1,0.727
2018-06-22,53.8136,54.23,54.23,103.4352,1,0.7209
2018-06-29,54.0235,53.9842,53.9842,103.6216,1,0.6782
2018-07-06,54.0962,54.1324,54.1324,103.808,1,0.6572
2018-07-13,54.0558,54.0524,54.0524,103.8927,1,0.6508
2018-07-20,55.1297,55.1301,55.1301,103.2212,1,0.658
2018-07-27,54.5161,54.3934,54.3934,101.7438,1,0.5698
2018-08-03,54.8067,54.7941,54.7941,100.2664,1,0.5729
2018-08-10,52.2472,51.8163,51.8163,99.5948,0,0.4791
2018-08-17,52.9335,52.9377,52.9377,99.9816,0,0.4887
2018-08-24,54.2658,54.2677,54.2677,100.8325,0,0.5312
2018-08-31,52.8367,52.836,52.836,101.6833,1,0.5678
2018-09-07,53.1031,53.1041,53.1041,102.0701,1,0.5657
2018-09-14,55.3315,55.0284,55.0284,101.6034,1,0.6386
2018-09-21,54.8955,54.896,54.896,100.5495,1,0.6291
2018-09-28,54.0558,54.0545,54.0545,99.4279,1,0.6333
2018-10-05,50.5113,51.381,51.381,98.7582,1,0.7172
2018-10-12,50.1561,50.0949,50.0949,98.56,1,0.6971
2018-10-19,48.186,48.6338,48.6338,98.4465,1,0.6723
2018-10-26,50.7212,50.5313,50.5313,98.327,1,0.7914
2018-11-02,51.0442,51.0444,51.0444,98.1111,1,0.784
2018-11-09,50.0511,50.053,50.053,97.1471,1,0.6952
2018-11-16,49.171,49.107,49.107,95.2918,1,0.6886
2018-11-23,48.8804,48.8817,48.8817,93.2173,1,0.6837
2018-11-30,47.6854,47.6546,47.6546,91.5957,0,0.5199
2018-12-07,47.4997,47.4998,47.4998,90.3656,0,0.5121
2018-12-14,45.4085,45.35,45.35,89.1818,0,0.5261
2018-12-21,46.5971,46.715,46.715,88.2908,0,0.3304
2018-12-28,45.7466,45.7521,45.7521,87.939,0,0.3024
2019-01-04,48.9932,48.2748,48.2748,89.1453,1,0.6982
2019-01-11,49.1158,49.1146,49.1146,91.9265,1,0.6787
2019-01-18,48.7969,48.8024,48.8024,95.0261,1,0.6727
2019-01-25,50.5633,50.5639,50.5639,97.1876,1,0.6775
2019-02-01,49.9418,49.9481,49.9481,98.4533,1,0.693
2019-02-08,50.3997,50.3997,50.3997,99.5822,0,0.5191
2019-02-15,51.839,51.8353,51.8353,100.3927,0,0.5342
2019-02-22,51.7818,52.393,52.393,100.7032,0,0.4751
2019-03-01,51.103,51.7165,51.7165,100.6577,0,0.2041
2019-03-08,51.9862,51.7701,51.7701,100.5577,0,0.218
2019-03-15,53.0248,53.0125,53.0125,100.4576,0,0.2106
2019-03-22,52.068,52.2415,52.2415,100.4121,0,0.1928
2019-03-29,54.4314,54.4321,54.4321,100.7591,0,0.3112
2019-04-05,54.3823,54.3795,54.3795,101.5224,0,0.3195
2019-04-12,54.6767,54.6767,54.6767,102.2857,0,0.2747
2019-04-19,53.4255,53.3968,53.3968,102.6326,0,0.3562
2019-04-26,52.6895,52.6907,52.6907,101.6076,0,0.3541
2019-05-03,51.0458,51.2331,51.2331,99.3526,0,0.4394
2019-05-10,51.4056,51.3402,51.3402,97.0975,0,0.3826
2019-05-17,49.9827,49.9837,49.9837,96.0725,0,0.4177
2019-05-24,49.9908,49.9926,49.9926,96.7381,0,0.1264
2019-05-31,51.8145,51.1947,51.1947,98.2836,0,0.329
2019-06-07,53.2865,53.2892,53.2892,100.0316,0,0.4394
2019-06-14,52.7059,52.7059,52.7059,101.3047,0,0.4025
2019-06-21,54.4472,54.4496,54.4496,102.1269,0,0.4936
2019-06-28,54.9593,54.9627,54.9627,102.8828,0,0.3283
2019-07-05,53.3893,53.3847,53.3847,103.4362,0,0.4803
2019-07-12,53.9266,53.9266,53.9266,103.6509,0,0.3402
2019-07-19,53.9854,53.9921,53.9921,102.5254,0,0.3425
2019-07-26,52.3902,52.321,52.321,100.0494,0,0.3786
2019-08-02,51.7689,51.7667,51.7667,97.5733,0,0.2943
2019-08-09,49.7287,50.179,50.179,96.4478,0,0.424
2019-08-16,50.2241,50.2243,50.2243,97.4675,0,0.261
2019-08-23,50.6103,50.6105,50.6105,99.7107,0,0.2566
2019-08-30,51.962,51.9633,51.9633,101.954,0,0.3316
2019-09-06,53.574,53.5742,53.5742,102.9737,0,0.4423
2019-09-13,53.5572,53.5573,53.5573,102.4444,0,0.4445
2019-09-20,52.6337,52.6296,52.6296,101.2799,0,0.38
2019-09-27,51.0552,51.601,51.601,100.1155,0,0.4706
2019-10-04,51.8948,51.8118,51.8118,99.5862,0,0.2982
2019-10-11,52.8855,53.0684,53.0684,100.7131,0,0.3234
2019-10-18,53.5236,53.5218,53.5218,103.1925,0,0.3331
2019-10-25,53.7923,53.7924,53.7924,105.6718,0,0.2838
2019-11-01,55.5135,55.5643,55.5643,106.7987,0,0.2941
2019-11-08,54.8586,54.5393,54.5393,106.5363,0,0.3322
2019-11-15,54.3716,54.373,54.373,105.9589,0,0.2979
2019-11-22,55.2784,55.2793,55.2793,105.3814,0,0.1369
2019-11-29,54.7494,54.6904,54.6904,105.119,0,0.1785
2019-12-06,56.3614,56.3616,56.3616,105.8678,0,0.2337
2019-12-13,56.0928,56.1389,56.1389,107.5151,0,0.2582
2019-12-20,57.304,57.3038,57.3038,109.1624,0,0.2923
2019-12-27,57.3804,57.1836,57.1836,109.9112,0,0.2048
2020-01-03,56.1599,56.1588,56.1588,109.481,0,0.2625
2020-01-10,56.6526,56.6531,56.6531,108.4055,0,0.2421
2020-01-17,56.4063,56.4122,56.4122,107.0068,0,0.2281
2020-01-24,54.9538,54.9444,54.9444,105.6073,0,0.3416
2020-01-31,56.1939,56.0886,56.0886,104.3083,0,0.2639
2020-02-07,55.8202,55.8212,55.8212,102.8966,0,0.2722
2020-02-14,55.3191,55.1863,55.1863,101.222,0,0.1653
2020-02-21,49.7472,51.577,51.577,99.1349,1,0.9834
2020-02-28,50.4947,50.4755,50.4755,95.1617,1,0.9769
2020-03-06,39.402,45.7207,45.7207,89.4674,1,0.998
2020-03-13,37.6948,40.6218,40.6218,84.3589,1,0.9895
2020-03-20,42.7994,42.7369,42.7369,82.1434,1,0.991
2020-03-27,41.4235,41.3427,41.3427,82.7274,1,0.978
2020-04-03,46.3838,46.3823,46.3823,84.1677,1,0.9767
2020-04-10,44.8464,44.8474,44.8474,85.9973,1,0.9629
2020-04-17,45.6618,45.6532,45.6532,87.7488,1,0.9416
2020-04-24,47.7512,47.4694,47.4694,89.4228,1,0.9295
2020-05-01,47.4285,47.4244,47.4244,91.2396,1,0.7575
2020-05-08,46.5791,46.514,46.514,93.062,1,0.7315
2020-05-15,49.2971,49.297,49.297,94.7525,1,0.6333
2020-05-22,51.0807,51.0219,51.0219,96.2135,1,0.5974
2020-05-29,53.7223,53.7456,53.7456,97.5488,0,0.4786
2020-06-05,51.3101,51.4653,51.4653,98.9235,0,0.4986
2020-06-12,52.5671,52.2886,52.2886,100.5025,0,0.4972
2020-06-19,52.9173,52.909,52.909,102.5493,0,0.4829
2020-06-26,54.0458,54.0462,54.0462,104.9549,0,0.4735
2020-07-03,54.439,54.5958,54.5958,107.3261,0,0.4516
2020-07-10,56.8498,56.8497,56.8497,109.2693,0,0.4336
2020-07-17,57.8244,57.8317,57.8317,110.8225,0,0.4254
2020-07-24,57.6192,57.6173,57.6173,112.2321,0,0.3986
2020-07-31,59.1837,59.1833,59.1833,113.4179,0,0.3146
2020-08-07,59.5854,59.4669,59.4669,114.2998,0,0.3182
2020-08-14,59.3204,59.3541,59.3541,114.914,0,0.3292
2020-08-21,59.7393,59.7427,59.7427,115.3971,0,0.3294
2020-08-28,60.03,60.0234,60.0234,115.8196,0,0.3315
2020-09-04,60.4916,60.4824,60.4824,116.2517,0,0.2915
2020-09-11,62.5177,62.522,62.522,116.7085,0,0.3158
2020-09-18,58.6793,59.3234,59.3234,117.1546,0,0.4287
2020-09-25,59.4658,59.4394,59.4394,117.585,0,0.4182
2020-10-02,61.3893,61.3892,61.3892,117.9946,0,0.434
2020-10-09,60.9533,60.8383,60.8383,118.3268,0,0.4335
2020-10-16,61.0046,61.7471,61.7471,118.6048,0,0.432
2020-10-23,58.1578,58.14,58.14,118.9431,0,0.468
2020-10-30,62.1501,62.1497,62.1497,119.4563,0,0.5339
2020-11-06,62.6801,62.6785,62.6785,121.0814,0,0.5181
2020-11-13,64.2189,64.2153,64.2153,123.997,0,0.4486
2020-11-20,66.1766,66.3536,66.3536,127.1802,0,0.4506
2020-11-27,67.6641,67.4314,67.4314,129.6082,0,0.4427
2020-12-04,68.7584,69.6298,69.6298,131.2721,0,0.432
2020-12-11,69.4252,69.4731,69.4731,132.7657,0,0.4258
2020-12-18,69.6192,69.6026,69.6026,133.969,0,0.3362
2020-12-25,70.1101,70.113,70.113,134.7625,0,0.2612
2021-01-01,75.3031,75.2026,75.2026,135.1859,0,0.3509
2021-01-08,74.6486,74.6486,74.6486,135.4592,0,0.3701
2021-01-15,73.4773,73.5383,73.5383,135.7326,0,0.3858
2021-01-22,70.8765,70.8382,70.8382,136.1563,0,0.4206
2021-01-29,70.6957,70.6903,70.6903,137.2727,0,0.4167
2021-02-05,72.6592,72.4171,72.4171,139.0154,0,0.423
2021-02-12,73.0898,73.1342,73.1342,140.6208,0,0.4194
2021-02-19,73.529,73.5276,73.5276,141.3256,0,0.4202
2021-02-26,72.3578,72.3576,72.3576,141.2888,0,0.3116
2021-03-05,75.6993,75.7001,75.7001,141.2079,0,0.3728
2021-03-12,74.7089,74.8255,74.8255,141.127,0,0.3774
2021-03-19,73.4084,73.4052,73.4052,141.0902,0,0.357
2021-03-26,75.4839,75.4869,75.4869,142.2608,0,0.3739
2021-04-02,76.5949,76.5937,76.5937,145.022,0,0.3677
2021-04-09,78.6618,78.6607,78.6607,148.2482,0,0.3822
2021-04-16,78.4637,78.464,78.464,150.8136,0,0.3887
2021-04-23,80.1172,80.3034,80.3034,152.8011,0,0.3455
2021-04-30,82.8902,82.7247,82.7247,154.7557,0,0.3012
2021-05-07,82.0721,82.0796,82.0796,156.2454,0,0.2827
2021-05-14,81.5984,81.5983,81.5983,156.838,0,0.2352
2021-05-21,81.9946,81.8065,81.8065,155.94,0,0.2171
2021-05-28,82.5027,82.3753,82.3753,153.9646,0,0.2251
2021-06-04,81.0473,81.1289,81.1289,151.9891,0,0.2495
2021-06-11,78.51,78.6083,78.6083,151.0911,0,0.3641
2021-06-18,79.5208,79.4852,79.4852,151.3143,0,0.3423
2021-06-25,79.3029,79.3272,79.3272,151.8785,0,0.2036
2021-07-02,78.1004,78.0829,78.0829,152.6255,0,0.22
2021-07-09,79.8083,79.808,79.808,153.397,0,0.3011
2021-07-16,78.7104,78.7104,78.7104,154.4326,0,0.3102
2021-07-23,81.5685,81.6362,81.6362,155.7605,0,0.4672
2021-07-30,80.7668,80.7673,80.7673,156.9056,0,0.4415
2021-08-06,82.1087,81.887,81.887,157.3929,0,0.3343
2021-08-13,77.8129,77.763,77.763,156.9631,1,0.6023
2021-08-20,79.1112,79.113,79.113,155.8649,1,0.6216
2021-08-27,80.5141,80.514,80.514,154.3854,1,0.6112
2021-09-03,79.5033,79.5034,79.5034,152.8115,1,0.5886
2021-09-10,78.6494,78.65,78.65,150.5264,1,0.5748
2021-09-17,76.5407,76.4245,76.4245,147.4823,0,0.4731
2021-09-24,74.2229,74.2229,74.2229,144.8195,0,0.5205
2021-10-01,75.3469,74.7518,74.7518,143.6785,0,0.5156
2021-10-08,77.9,77.73,77.73,144.4599,0,0.4437
2021-10-15,77.4818,77.4906,77.4906,146.1789,0,0.416
2021-10-22,78.083,78.0899,78.0899,147.8979,0,0.3872
2021-10-29,77.6822,77.3535,77.3535,148.6793,0,0.3837
2021-11-05,79.4598,79.4598,79.4598,148.3564,0,0.4502
2021-11-12,78.3183,78.3182,78.3182,147.6459,0,0.3791
2021-11-19,78.0569,78.0568,78.0568,146.9355,0,0.2236
2021-11-26,76.4448,76.2783,76.2783,146.6125,0,0.2999
2021-12-03,78.3444,78.3439,78.3439,147.8594,0,0.2327
2021-12-10,77.4121,77.4119,77.4119,150.6024,0,0.2566
2021-12-17,79.5206,79.5395,79.5395,153.3454,0,0.359
2021-12-24,80.4302,80.4299,80.4299,154.5922,0,0.3406
2021-12-31,80.4391,80.439,80.439,153.6331,0,0.2825
2022-01-07,82.5437,82.2667,82.2667,151.523,0,0.3111
2022-01-14,80.9029,80.9098,80.9098,149.4129,0,0.4133
2022-01-21,77.2376,77.2362,77.2362,148.4537,1,0.6912
2022-01-28,78.6823,78.6816,78.6816,148.4572,1,0.6706
2022-02-04,80.4837,80.4902,80.4902,148.4673,1,0.7091
2022-02-11,79.806,79.8134,79.8134,148.4843,1,0.6612
2022-02-18,77.2644,77.2644,77.2644,148.5079,1,0.7795
2022-02-25,80.4837,80.55,80.55,150.3022,1,0.9097
2022-03-04,78.8874,78.8851,78.8851,154.2146,1,0.8743
2022-03-11,80.8137,80.8262,80.8262,158.1202,1,0.8883
2022-03-18,83.7298,83.1884,83.1884,159.8943,1,0.7528
2022-03-25,83.8101,83.8127,83.8127,159.7556,1,0.746
2022-04-01,83.605,83.7332,83.7332,159.3708,1,0.7197
2022-04-08,84.3095,84.3231,84.3231,158.787,1,0.6906
2022-04-15,82.2316,82.2295,82.2295,158.0513,1,0.6164
2022-04-22,79.3333,79.3212,79.3212,156.2982,1,0.6152
2022-04-29,78.1205,78.1302,78.1302,153.1981,1,0.5879
2022-05-06,73.1443,74.3708,74.3708,149.6017,1,0.8365
2022-05-13,76.1318,76.1467,76.1467,146.3597,1,0.8559
2022-05-20,78.7358,79.0515,79.0515,143.6351,1,0.9185
2022-05-27,81.5004,81.4765,81.4765,140.991,1,0.9421
2022-06-03,75.891,75.8896,75.8896,138.3787,1,0.9687
2022-06-10,70.6658,70.6264,70.6264,135.7492,1,0.9719
2022-06-17,67.4545,67.4015,67.4015,132.596,1,0.9604
2022-06-24,67.61,68.0844,68.0844,129.1096,1,0.9503
2022-07-01,66.933,66.9156,66.9156,126.2869,1,0.911
2022-07-08,63.2826,65.0987,65.0987,125.1245,1,0.8681
2022-07-15,66.9422,66.947,66.947,127.129,1,0.9077
2022-07-22,68.9183,68.8919,68.8919,131.539,1,0.886
2022-07-29,68.9915,68.9875,68.9875,135.9489,1,0.8236
2022-08-05,71.6721,71.7732,71.7732,137.9534,1,0.7467
2022-08-12,71.8094,71.825,71.825,137.0988,1,0.6327
2022-08-19,71.7819,71.7815,71.7815,135.0536,1,0.6315
2022-08-26,66.0181,65.9845,65.9845,132.5955,1,0.8466
2022-09-02,67.6375,67.8967,67.8967,130.5024,1,0.763
2022-09-09,66.4481,66.4446,66.4446,128.7868,1,0.6726
2022-09-16,64.0786,63.593,63.593,127.0845,1,0.66
2022-09-23,62.0475,62.2917,62.2917,125.6081,1,0.6679
2022-09-30,64.8105,64.8104,64.8104,124.5705,1,0.6865
2022-10-07,63.8956,63.8955,63.8955,123.8379,1,0.6718
2022-10-14,63.2186,63.2187,63.2187,123.1977,1,0.6582
2022-10-21,66.375,66.8206,66.8206,122.7444,1,0.5535
2022-10-28,64.2616,63.7709,63.7709,122.5723,1,0.5556
2022-11-04,72.1936,72.0646,72.0646,126.4355,1,0.9077
2022-11-11,72.6602,72.7011,72.7011,134.9344,1,0.8671
2022-11-18,74.8834,74.8836,74.8836,143.4333,1,0.8133
2022-11-25,76.64,76.6341,76.6341,147.2964,1,0.7957
2022-12-02,75.6519,75.6505,75.6505,146.4929,1,0.7865
2022-12-09,72.5413,72.5383,72.5383,144.7251,1,0.8351
2022-12-16,73.3921,73.3955,73.3955,142.9574,1,0.8056
2022-12-23,73.9608,73.9585,73.9585,142.1538,1,0.7458
2022-12-30,74.0261,74.0257,74.0257,144.4446,0,0.1938
2023-01-06,79.6759,78.6434,78.6434,149.4842,0,0.4264
2023-01-13,79.0047,79.0046,79.0046,154.5238,0,0.4118
2023-01-20,81.5685,81.5861,81.5861,156.8145,0,0.4258
2023-01-27,81.3821,81.3852,81.3852,155.6786,0,0.4012
2023-02-03,78.6131,78.6077,78.6077,153.0222,0,0.3594
2023-02-10,78.6038,78.6038,78.6038,149.9722,0,0.3582
2023-02-17,76.7764,76.8209,76.8209,147.6555,0,0.4038
2023-02-24,78.5758,78.6869,78.6869,146.0201,0,0.4152
2023-03-03,75.667,75.6753,75.6753,144.4691,0,0.1901
2023-03-10,73.4853,73.4902,73.4902,143.3116,0,0.2167
2023-03-17,74.3244,74.3244,74.3244,142.857,0,0.1564
2023-03-24,77.2146,77.2145,77.2145,144.2364,0,0.2658
2023-03-31,76.6925,76.6918,76.6918,147.271,0,0.2206
2023-04-07,79.4708,79.5633,79.5633,150.3057,0,0.2881
2023-04-14,78.9114,78.9174,78.9174,151.6851,0,0.253
2023-04-21,76.9909,76.9899,76.9899,150.7734,0,0.2551
2023-04-28,76.0679,76.0684,76.0684,148.7676,0,0.1918
2023-05-05,75.8161,75.8155,75.8155,146.7619,0,0.1539
2023-05-12,75.8814,75.8816,75.8816,145.8502,0,0.1588
2023-05-19,72.9353,72.4827,72.4827,146.4899,0,0.1542
2023-05-26,73.4014,73.4036,73.4036,147.982,0,0.1715
2023-06-02,75.1542,75.1531,75.1531,149.6855,0,0.1427
2023-06-09,78.733,78.5399,78.5399,150.9596,0,0.2785
2023-06-16,76.523,76.5232,76.5232,151.8305,0,0.296
2023-06-23,76.7602,76.7601,76.7601,152.6469,0,0.2947
2023-06-30,75.2995,75.2996,75.2996,153.2519,0,0.3221
2023-07-07,80.3833,79.8556,79.8556,153.4884,0,0.5486
2023-07-14,79.8522,79.8604,79.8604,153.1823,0,0.4437
2023-07-21,80.5446,80.5459,80.5459,152.4208,0,0.449
2023-07-28,78.695,78.6949,78.6949,151.4393,0,0.5006
2023-08-04,78.2872,78.2867,78.2867,150.473,0,0.3909
2023-08-11,75.2047,75.2004,75.2004,149.5636,0,0.4372
2023-08-18,75.1762,75.1756,75.1756,148.5758,0,0.4372
2023-08-25,77.5379,77.4261,77.4261,147.4788,0,0.4751
2023-09-01,76.0867,76.0855,76.0855,146.242,0,0.2086
2023-09-08,77.5189,77.5189,77.5189,144.4113,0,0.2511
2023-09-15,74.8063,74.8502,74.8502,142.0955,0,0.2961
2023-09-22,74.4269,74.4063,74.4063,140.109,0,0.2884
2023-09-29,72.4636,72.456,72.456,139.2659,0,0.3161
2023-10-06,73.7914,73.7914,73.7914,139.5456,0,0.2868
2023-10-13,72.3782,72.3784,72.3784,140.2775,0,0.3092
2023-10-20,71.2685,71.2699,71.2699,141.3001,0,0.2222
2023-10-27,74.1139,74.1139,74.1139,142.4524,0,0.3605
2023-11-03,73.4215,73.4214,73.4214,144.007,0,0.3289
2023-11-10,76.7696,76.7725,76.7725,146.1533,0,0.4146
2023-11-17,77.8414,77.8412,77.8412,148.605,0,0.422
2023-11-24,78.6002,78.6004,78.6004,151.0758,0,0.3301
2023-12-01,78.6761,78.6689,78.6689,154.0852,0,0.3336
2023-12-08,81.7776,81.7829,81.7829,157.6054,0,0.3115
2023-12-15,82.0432,82.0431,82.0431,160.5293,0,0.2144
2023-12-22,84.155,84.1538,84.1538,161.7499,0,0.1561
2023-12-29,81.6942,81.6942,81.6942,160.2275,0,0.3185
2024-01-05,80.3678,80.3641,80.3641,156.8783,0,0.2475
2024-01-12,78.3108,78.3053,78.3053,153.529,0,0.3534
2024-01-19,79.0797,79.0846,79.0846,152.0066,0,0.3603
2024-01-26,80.2716,80.2709,80.2709,152.2432,0,0.3931
2024-02-02,78.5318,78.5168,78.5168,152.872,0,0.2247
2024-02-09,79.4065,79.4065,79.4065,153.7716,0,0.257
2024-02-16,80.5408,80.5487,80.5487,154.8206,0,0.1876
2024-02-23,81.0502,81.0529,81.0529,156.9005,0,0.1257
2024-03-01,83.7032,83.2999,83.2999,160.0681,0,0.2056
2024-03-08,83.732,83.7337,83.7337,162.965,0,0.1047
2024-03-15,85.443,85.4454,85.4454,164.2325,0,0.1274
2024-03-22,85.9621,86.075,86.075,163.673,0,0.1371
2024-03-29,85.5199,85.5089,85.5089,162.442,0,0.0807
2024-04-05,86.0101,86.0101,86.0101,161.211,0,0.0958
2024-04-12,83.5494,83.5823,83.5823,160.6515,0,0.249
2024-04-19,83.5975,83.5962,83.5962,161.6944,0,0.2584
2024-04-26,83.8378,83.8412,83.8412,163.9889,0,0.1511
2024-05-03,86.4427,86.2023,86.2023,166.2833,0,0.2632
2024-05-10,86.9906,87.055,87.055,167.3263,0,0.2313
2024-05-17,85.8371,85.8371,85.8371,165.9438,0,0.261
2024-05-24,85.5776,85.769,85.769,162.9025,0,0.2638
2024-05-31,85.5103,85.5176,85.5176,159.8611,0,0.2616
2024-06-07,82.4536,82.4519,82.4519,158.4787,0,0.3294
2024-06-14,83.6286,83.6287,83.6287,159.2831,0,0.3662
2024-06-21,82.9175,82.9084,82.9084,161.0528,0,0.3791
2024-06-28,83.8527,83.8714,83.8714,162.8225,0,0.253
2024-07-05,85.1288,85.1304,85.1304,163.6269,0,0.2917
2024-07-12,84.7586,84.757,84.757,162.5043,0,0.2788
2024-07-19,83.278,83.2763,83.2763,160.0344,0,0.3212
2024-07-26,83.7455,83.5207,83.5207,157.5645,0,0.3374
2024-08-02,81.3589,81.3921,81.3921,156.4418,0,0.2652
2024-08-09,82.8688,82.8638,82.8638,156.7267,0,0.2975
2024-08-16,84.4956,84.4987,84.4987,157.4821,0,0.3569
2024-08-23,86.1224,85.8509,85.8509,158.5595,0,0.4062
2024-08-30,83.4728,83.1445,83.1445,159.8099,1,0.5812
2024-09-06,84.6807,84.6887,84.6887,162.2419,1,0.6294
2024-09-13,87.4959,87.1036,87.1036,165.919,1,0.7152
2024-09-20,91.2561,90.7753,90.7753,169.2741,1,0.8492
2024-09-27,88.7915,88.8315,88.8315,170.7407,1,0.8361
2024-10-04,88.4213,88.5958,88.5958,169.9471,1,0.8407
2024-10-11,88.1096,88.1092,88.1092,168.0796,1,0.8316
2024-10-18,86.3659,86.3663,86.3663,165.908,1,0.8431
2024-10-25,85.421,85.4297,85.4297,164.2023,1,0.7525
2024-11-01,87.379,87.4803,87.4803,163.1766,1,0.7808
2024-11-08,82.1967,82.1638,82.1638,162.3605,1,0.9197
2024-11-15,83.4631,83.4633,83.4633,161.4971,1,0.7764
2024-11-22,83.4143,83.4147,83.4147,160.3293,1,0.746
2024-11-29,83.2,83.2013,83.2013,157.9366,1,0.7462
2024-12-06,81.9044,81.8982,81.8982,154.4999,1,0.748
2024-12-13,75.5921,76.1571,76.1571,151.4147,1,0.9511
2024-12-20,78.1061,78.0803,78.0803,150.0762,1,0.965
2024-12-27,76.8185,76.8186,76.8186,150.736,1,0.933
2025-01-03,77.3534,77.3508,77.3508,152.3061,1,0.8626
2025-01-10,79.3441,79.4344,79.4344,154.1729,1,0.8734
2025-01-17,80.9883,81.0179,81.0179,155.7225,1,0.8827
2025-01-24,81.5231,81.523,81.523,156.9894,1,0.8743
2025-01-31,82.1669,82.3557,82.3557,158.2555,1,0.8573
2025-02-07,83.5337,83.5368,83.5368,159.2782,0,0.2711
2025-02-14,83.1474,83.1471,83.1471,159.815,0,0.2368
2025-02-21,81.1864,81.1959,81.1959,160.009,0,0.2895
2025-02-28,82.9593,82.9523,82.9523,160.159,0,0.3169
2025-03-07,81.6717,81.6716,81.6716,160.2559,0,0.3284
2025-03-14,83.395,83.3944,83.3944,160.2902,0,0.3292
2025-03-21,82.3155,82.801,82.801,158.9854,0,0.3562
2025-03-28,78.9282,78.7489,78.7489,156.1149,0,0.5232
2025-04-04,75.2833,72.9592,72.9592,153.2443,1,0.5951
2025-04-11,78.948,79.0497,79.0497,151.9395,1,0.8168
2025-04-18,81.3547,81.3547,81.3547,152.969,1,0.8332
2025-04-25,80.8397,80.8378,80.8378,155.3882,1,0.8035
2025-05-02,81.6222,81.6227,81.6227,158.193,1,0.79
2025-05-09,83.4347,83.4407,83.4407,160.3792,1,0.7833
2025-05-16,83.603,83.5527,83.5527,161.8515,1,0.7644
2025-05-23,84.1577,84.3479,84.3479,163.1682,1,0.6145
2025-05-30,85.4255,85.4254,85.4254,164.3057,0,0.2696
2025-06-06,85.9702,85.9698,85.9698,165.2405,0,0.1494
2025-06-13,83.088,83.0889,83.0889,166.0955,0,0.2659
2025-06-20,84.7407,84.7416,84.7416,166.9034,0,0.2817
2025-06-27,87.0237,86.7412,86.7412,167.5049,0,0.3212
2025-07-04,87.2719,87.2707,87.2707,167.7408,0,0.2967
2025-07-11,85.4156,85.5509,85.5509,167.3298,0,0.3642
2025-07-18,87.7682,87.9526,87.9526,166.4256,0,0.4183
2025-07-25,83.6289,83.6223,83.6223,165.5213,1,0.6189
2025-08-01,85.902,85.9021,85.9021,165.1103,1,0.6683
2025-08-08,87.4605,87.4658,87.4658,165.8757,1,0.5691
2025-08-15,87.8674,87.5454,87.5454,167.6931,0,0.5456
2025-08-22,89.4557,89.4578,89.4578,169.8443,0,0.5098
2025-08-29,89.2869,89.2843,89.2843,171.611,0,0.5093
2025-09-05,91.3416,90.8768,90.8768,173.0701,0,0.4622
2025-09-12,90.0214,90.0301,90.0301,174.5444,0,0.4572
2025-09-19,89.8031,89.8752,89.8752,175.685,0,0.1748
2025-09-26,91.8677,91.642,91.642,176.1428,0,0.1717
2025-10-03,91.0637,91.0634,91.0634,175.6525,0,0.1927
2025-10-10,92.374,92.374,92.374,174.5739,0,0.209
2025-10-17,91.4012,92.1065,92.1065,173.4953,0,0.2224
2025-10-24,90.0214,90.0095,90.0095,173.005,0,0.2581
2025-10-31,88.2546,89.0251,89.0251,173.4819,0,0.2362
2025-11-07,91.5104,91.4989,91.4989,174.7014,0,0.376
2025-11-14,87.4704,87.4637,87.4637,176.3471,1,0.5608
2025-11-21,92.3442,92.6616,92.6616,178.1025,1,0.7378
2025-11-28,93.6346,93.6308,93.6308,180.0668,1,0.7325
2025-12-05,95.4908,96.3662,96.3662,182.494,1,0.7342
2025-12-12,94.6967,94.6594,94.6594,185.299,1,0.7332
2025-12-19,98.0,98.0175,98.0175,188.3969,1,0.75
2025-12-26,96.64,96.6684,96.6684,192.7311,1,0.7376
2026-01-02,100.69,102.5029,102.5029,198.1673,1,0.7518
2026-01-09,104.7,105.3463,105.3463,203.004,0,0.5166
2026-01-16,106.45,106.9363,106.9363,205.5396,0,0.4
2026-01-23,110.08,108.9588,108.9588,206.2823,0,0.4274
2026-01-30,106.41,106.5723,106.5723,206.8529,1,0.674
2026-02-06,111.56,108.6394,108.6394,207.2189,1,0.688
2026-02-13,112.22,107.8772,107.8772,207.3481,1,0.6765
2026-02-20,115.78,109.0687,109.0687,206.0712,1,0.5832
2026-02-27,108.65,105.2749,105.2749,203.2619,1,0.8754
2026-03-06,106.16,106.2047,106.2047,200.4526,1,0.8563
2026-03-13,100.38,103.6253,103.6253,199.1756,1,0.9014
2026-03-20,101.81,105.3539,105.3539,200.577,1,0.8609
2026-03-27,107.36,106.7516,106.7516,203.6601,1,0.9002
2026-04-03,111.42,107.9739,107.9739,206.7431,1,0.8706
2026-04-10,112.65,108.2916,108.2916,208.1445,1,0.8635
2026-04-17,111.11,107.9057,107.9057,207.423,1,0.8338
2026-04-24,111.47,106.8737,106.8737,205.4193,1,0.6933
